"status","url","redir","On page"
"200 no error","https://docs.createwithplay.com/en/articles/getting-started","","starting url"
"200 no error","https://docs.createwithplay.com/mintlify-assets/_next/static/media/bb3ef058b751a6ad-s.p.woff2","","appears 7 times"
"200 no error","https://docs.createwithplay.com/mintlify-assets/_next/static/media/c4b700dcb2187787-s.p.woff2","","appears 7 times"
"200 no error","https://docs.createwithplay.com/mintlify-assets/_next/static/media/e4af272ccee01ff0-s.p.woff2","","appears 7 times"
"200 no error","https://docs.createwithplay.com/mintlify-assets/_next/static/css/19d669961ab2627f.css?dpl=dpl_F2sJAuiMC6VTV1rYERQW1vtPuVrw","","appears 7 times"
"200 no error","https://docs.createwithplay.com/mintlify-assets/_next/static/css/6f9b80d484ead711.css?dpl=dpl_F2sJAuiMC6VTV1rYERQW1vtPuVrw","","appears 7 times"
"200 no error","https://docs.createwithplay.com/mintlify-assets/_next/static/css/05d6d8fcb903870d.css?dpl=dpl_F2sJAuiMC6VTV1rYERQW1vtPuVrw","","appears 7 times"
"200 no error","https://docs.createwithplay.com/mintlify-assets/_next/static/chunks/webpack-cce04b660dec2496.js?dpl=dpl_F2sJAuiMC6VTV1rYERQW1vtPuVrw","","appears 14 times"
"200 no error","https://docs.createwithplay.com/mintlify-assets/_next/static/chunks/87c73c54-dd8d81ac9604067c.js?dpl=dpl_F2sJAuiMC6VTV1rYERQW1vtPuVrw","","appears 7 times"
"200 no error","https://docs.createwithplay.com/mintlify-assets/_next/static/chunks/90018-52143b60ae93a62d.js?dpl=dpl_F2sJAuiMC6VTV1rYERQW1vtPuVrw","","appears 7 times"
"200 no error","https://docs.createwithplay.com/mintlify-assets/_next/static/chunks/main-app-76ddd9525ef90e67.js?dpl=dpl_F2sJAuiMC6VTV1rYERQW1vtPuVrw","","appears 7 times"
"200 no error","https://docs.createwithplay.com/mintlify-assets/_next/static/chunks/891cff7f-dcf0b8e94fd9e2cd.js?dpl=dpl_F2sJAuiMC6VTV1rYERQW1vtPuVrw","","appears 7 times"
"200 no error","https://docs.createwithplay.com/mintlify-assets/_next/static/chunks/41043-37eb68ccca5ca6c9.js?dpl=dpl_F2sJAuiMC6VTV1rYERQW1vtPuVrw","","appears 7 times"
"200 no error","https://docs.createwithplay.com/mintlify-assets/_next/static/chunks/51288-0fb44d6be82e9af5.js?dpl=dpl_F2sJAuiMC6VTV1rYERQW1vtPuVrw","","appears 7 times"
"200 no error","https://docs.createwithplay.com/mintlify-assets/_next/static/chunks/14079-70bacdc9c734d291.js?dpl=dpl_F2sJAuiMC6VTV1rYERQW1vtPuVrw","","appears 7 times"
"200 no error","https://docs.createwithplay.com/mintlify-assets/_next/static/chunks/29843-945e948e869f9f3a.js?dpl=dpl_F2sJAuiMC6VTV1rYERQW1vtPuVrw","","appears 7 times"
"200 no error","https://docs.createwithplay.com/mintlify-assets/_next/static/chunks/38615-c24b51c4faa98f17.js?dpl=dpl_F2sJAuiMC6VTV1rYERQW1vtPuVrw","","appears 7 times"
"200 no error","https://docs.createwithplay.com/mintlify-assets/_next/static/chunks/26814-d8d8fdc8eed0ce52.js?dpl=dpl_F2sJAuiMC6VTV1rYERQW1vtPuVrw","","appears 7 times"
"200 no error","https://docs.createwithplay.com/mintlify-assets/_next/static/chunks/98816-4875194b6205382d.js?dpl=dpl_F2sJAuiMC6VTV1rYERQW1vtPuVrw","","appears 7 times"
"200 no error","https://docs.createwithplay.com/mintlify-assets/_next/static/chunks/24194-76a5afc88b4d820c.js?dpl=dpl_F2sJAuiMC6VTV1rYERQW1vtPuVrw","","appears 7 times"
"200 no error","https://docs.createwithplay.com/mintlify-assets/_next/static/chunks/19664-8ce43df6b74bea12.js?dpl=dpl_F2sJAuiMC6VTV1rYERQW1vtPuVrw","","appears 7 times"
"200 no error","https://docs.createwithplay.com/mintlify-assets/_next/static/chunks/29826-3c15959c7c9e4927.js?dpl=dpl_F2sJAuiMC6VTV1rYERQW1vtPuVrw","","appears 7 times"
"200 no error","https://docs.createwithplay.com/mintlify-assets/_next/static/chunks/63667-1022e8eb19c8b70f.js?dpl=dpl_F2sJAuiMC6VTV1rYERQW1vtPuVrw","","appears 7 times"
"200 no error","https://docs.createwithplay.com/mintlify-assets/_next/static/chunks/85398-8493714047a0dbca.js?dpl=dpl_F2sJAuiMC6VTV1rYERQW1vtPuVrw","","appears 7 times"
"200 no error","https://docs.createwithplay.com/mintlify-assets/_next/static/chunks/71251-098e19ce9e1ae57f.js?dpl=dpl_F2sJAuiMC6VTV1rYERQW1vtPuVrw","","appears 7 times"
"200 no error","https://docs.createwithplay.com/mintlify-assets/_next/static/chunks/app/error-e102f17b105115e1.js?dpl=dpl_F2sJAuiMC6VTV1rYERQW1vtPuVrw","","appears 7 times"
"200 no error","https://docs.createwithplay.com/mintlify-assets/_next/static/chunks/cfdfcc00-442051842d4b5e4f.js?dpl=dpl_F2sJAuiMC6VTV1rYERQW1vtPuVrw","","appears 7 times"
"200 no error","https://docs.createwithplay.com/mintlify-assets/_next/static/chunks/d30757c7-4ce3b53815c6f230.js?dpl=dpl_F2sJAuiMC6VTV1rYERQW1vtPuVrw","","appears 7 times"
"200 no error","https://docs.createwithplay.com/mintlify-assets/_next/static/chunks/26262-3e9d72eef87fb79b.js?dpl=dpl_F2sJAuiMC6VTV1rYERQW1vtPuVrw","","appears 7 times"
"200 no error","https://docs.createwithplay.com/mintlify-assets/_next/static/chunks/21246-9e982c7fbb080ad3.js?dpl=dpl_F2sJAuiMC6VTV1rYERQW1vtPuVrw","","appears 7 times"
"200 no error","https://docs.createwithplay.com/mintlify-assets/_next/static/chunks/96613-d9098930227907bd.js?dpl=dpl_F2sJAuiMC6VTV1rYERQW1vtPuVrw","","appears 7 times"
"200 no error","https://docs.createwithplay.com/mintlify-assets/_next/static/chunks/14518-5b07fdc3346f2d84.js?dpl=dpl_F2sJAuiMC6VTV1rYERQW1vtPuVrw","","appears 7 times"
"200 no error","https://docs.createwithplay.com/mintlify-assets/_next/static/chunks/49952-fe4f8f797bbd869c.js?dpl=dpl_F2sJAuiMC6VTV1rYERQW1vtPuVrw","","appears 7 times"
"200 no error","https://docs.createwithplay.com/mintlify-assets/_next/static/chunks/68789-e7d81f669637c445.js?dpl=dpl_F2sJAuiMC6VTV1rYERQW1vtPuVrw","","appears 7 times"
"200 no error","https://docs.createwithplay.com/mintlify-assets/_next/static/chunks/41302-44a25483adef4763.js?dpl=dpl_F2sJAuiMC6VTV1rYERQW1vtPuVrw","","appears 7 times"
"200 no error","https://docs.createwithplay.com/mintlify-assets/_next/static/chunks/19821-a9f845016c31bbf5.js?dpl=dpl_F2sJAuiMC6VTV1rYERQW1vtPuVrw","","appears 7 times"
"200 no error","https://docs.createwithplay.com/mintlify-assets/_next/static/chunks/73205-97f88983d523f23c.js?dpl=dpl_F2sJAuiMC6VTV1rYERQW1vtPuVrw","","appears 7 times"
"200 no error","https://docs.createwithplay.com/mintlify-assets/_next/static/chunks/66856-70b8f9889f3ba87f.js?dpl=dpl_F2sJAuiMC6VTV1rYERQW1vtPuVrw","","appears 7 times"
"200 no error","https://docs.createwithplay.com/mintlify-assets/_next/static/chunks/86707-1fab51af5c39032d.js?dpl=dpl_F2sJAuiMC6VTV1rYERQW1vtPuVrw","","appears 7 times"
"200 no error","https://docs.createwithplay.com/mintlify-assets/_next/static/chunks/29226-149e378bb6d0f357.js?dpl=dpl_F2sJAuiMC6VTV1rYERQW1vtPuVrw","","appears 7 times"
"200 no error","https://docs.createwithplay.com/mintlify-assets/_next/static/chunks/app/%5Fsites/[subdomain]/(multitenant)/layout-c82a6fe81a03d662.js?dpl=dpl_F2sJAuiMC6VTV1rYERQW1vtPuVrw","","appears 7 times"
"200 no error","https://docs.createwithplay.com/mintlify-assets/_next/static/chunks/3351-3f5a74ac7a2a659f.js?dpl=dpl_F2sJAuiMC6VTV1rYERQW1vtPuVrw","","appears 7 times"
"200 no error","https://docs.createwithplay.com/mintlify-assets/_next/static/chunks/app/%5Fsites/[subdomain]/not-found-717dbdb1276060ea.js?dpl=dpl_F2sJAuiMC6VTV1rYERQW1vtPuVrw","","appears 7 times"
"200 no error","https://docs.createwithplay.com/mintlify-assets/_next/static/chunks/app/%5Fsites/[subdomain]/error-f4919e9fcd731036.js?dpl=dpl_F2sJAuiMC6VTV1rYERQW1vtPuVrw","","appears 7 times"
"200 no error","https://docs.createwithplay.com/mintlify-assets/_next/static/chunks/41246-bd0553a2dc87c7b6.js?dpl=dpl_F2sJAuiMC6VTV1rYERQW1vtPuVrw","","appears 7 times"
"200 no error","https://docs.createwithplay.com/mintlify-assets/_next/static/chunks/app/%5Fsites/[subdomain]/(multitenant)/[[...slug]]/page-b27d00ba7f2b3bbf.js?dpl=dpl_F2sJAuiMC6VTV1rYERQW1vtPuVrw","","appears 7 times"
"200 no error","https://docs.createwithplay.com/mintlify-assets/_next/static/chunks/app/%5Fsites/[subdomain]/(multitenant)/not-found-8d12dfe55a16aa7c.js?dpl=dpl_F2sJAuiMC6VTV1rYERQW1vtPuVrw","","appears 7 times"
"200 no error","https://docs.createwithplay.com/mintlify-assets/_next/static/chunks/59376-7a26b930dd5f39da.js?dpl=dpl_F2sJAuiMC6VTV1rYERQW1vtPuVrw","","appears 7 times"
"200 no error","https://docs.createwithplay.com/mintlify-assets/_next/static/chunks/app/%5Fsites/[subdomain]/(multitenant)/@topbar/[[...slug]]/page-adcb3a096d721213.js?dpl=dpl_F2sJAuiMC6VTV1rYERQW1vtPuVrw","","appears 7 times"
"200 no error","https://docs.createwithplay.com/mintlify-assets/_next/static/chunks/50528.a008835b58c523ea.js?dpl=dpl_F2sJAuiMC6VTV1rYERQW1vtPuVrw","","appears 7 times"
"200 no error","https://docs.createwithplay.com/sitemap.xml","","appears 7 times"
"200 no error","https://docs.createwithplay.com/mintlify-assets/_mintlify/favicons/play-9683f630/AT8O5WYNbwvjrEUJ/_generated/favicon/apple-touch-icon.png","","appears 7 times"
"200 no error","https://docs.createwithplay.com/mintlify-assets/_mintlify/favicons/play-9683f630/AT8O5WYNbwvjrEUJ/_generated/favicon/favicon-16x16.png","","appears 7 times"
"200 no error","https://docs.createwithplay.com/mintlify-assets/_mintlify/favicons/play-9683f630/AT8O5WYNbwvjrEUJ/_generated/favicon/favicon-32x32.png","","appears 7 times"
"200 no error","https://docs.createwithplay.com/mintlify-assets/_mintlify/favicons/play-9683f630/AT8O5WYNbwvjrEUJ/_generated/favicon/favicon.ico","","appears 7 times"
"200 no error","https://docs.createwithplay.com/mintlify-assets/_mintlify/favicons/play-9683f630/AT8O5WYNbwvjrEUJ/_generated/favicon-dark/favicon-16x16.png","","appears 7 times"
"200 no error","https://docs.createwithplay.com/mintlify-assets/_mintlify/favicons/play-9683f630/AT8O5WYNbwvjrEUJ/_generated/favicon-dark/favicon-32x32.png","","appears 7 times"
"200 no error","https://docs.createwithplay.com/mintlify-assets/_mintlify/favicons/play-9683f630/AT8O5WYNbwvjrEUJ/_generated/favicon-dark/favicon.ico","","appears 7 times"
"200 no error","https://docs.createwithplay.com/mintlify-assets/_next/static/chunks/polyfills-42372ed130431b0a.js?dpl=dpl_F2sJAuiMC6VTV1rYERQW1vtPuVrw","","appears 7 times"
"200 no error","https://docs.createwithplay.com/en/articles/getting-started#content-area","","appears 7 times"
"200 no error","https://createwithplay.com/","","appears 7 times"
"200 no error","https://docs.createwithplay.com/en/articles/editor","","appears 7 times"
"200 no error","https://docs.createwithplay.com/en/articles/design-mode","","appears 7 times"
"200 no error","https://docs.createwithplay.com/en/articles/interactions","","appears 14 times"
"200 no error","https://docs.createwithplay.com/en/articles/dev-handoff","","appears 7 times"
"200 no error","https://docs.createwithplay.com/en/articles/projects-and-drafts","","appears 14 times"
"200 no error","https://docs.createwithplay.com/en/articles/organize-projects","","appears 7 times"
"200 no error","https://docs.createwithplay.com/en/articles/view-prototype","","appears 14 times"
"200 no error","https://docs.createwithplay.com/en/articles/keyboard-shortcuts","","appears 7 times"
"200 no error","https://docs.createwithplay.com/en/articles/import-figma","","appears 14 times"
"200 no error","https://docs.createwithplay.com/en/articles/import-figma-design-system","","appears 7 times"
"200 no error","https://docs.createwithplay.com/en/articles/import-figma-assets","","appears 7 times"
"200 no error","https://docs.createwithplay.com/en/articles/import-figma-ui","","appears 7 times"
"200 no error","https://docs.createwithplay.com/en/articles/share-design-file","","appears 7 times"
"200 no error","https://docs.createwithplay.com/en/articles/teams-and-members","","appears 7 times"
"200 no error","https://docs.createwithplay.com/en/articles/billing-payment","","appears 7 times"
"200 no error","https://docs.createwithplay.com/en/articles/administrative-questions","","appears 7 times"
"200 no error","https://docs.createwithplay.com/en/articles/connection-troubleshooting","","appears 7 times"
"200 no error","https://docs.createwithplay.com/en/articles/vpn-exemptions","","appears 7 times"
"200 no error","https://docs.createwithplay.com/en/articles/updating-i-os","","appears 7 times"
"200 no error","https://docs.createwithplay.com/en/articles/getting-started#design-with-play","","appears 14 times"
"200 no error","https://docs.createwithplay.com/en/articles/getting-started#prototype-with-play","","appears 14 times"
"200 no error","https://docs.createwithplay.com/en/articles/getting-started#share-&-ship-with-play","","appears 7 times"
"200 no error","https://docs.createwithplay.com/en/articles/getting-started#resources-and-support","","appears 14 times"
"404 not found","https://docs.createwithplay.com/en/articles/explore-section","","appears 7 times"
"200 no error","https://docs.createwithplay.com/en/articles/triggers","","appears 7 times"
"200 no error","https://docs.createwithplay.com/en/articles/actions","","appears 7 times"
"200 no error","https://docs.createwithplay.com/en/articles/condition","","appears 7 times"
"200 no error","https://docs.createwithplay.com/en/articles/variables","","appears 7 times"
"200 no error","https://docs.createwithplay.com/en/articles/loop","","appears 7 times"
"200 no error","https://docs.createwithplay.com/en/articles/timer","","appears 7 times"
"200 no error","https://docs.createwithplay.com/en/articles/prefabs","","appears 7 times"
"200 no error","https://docs.createwithplay.com/en/articles/getting-started#share-&-ship-with-play","","appears 7 times"
"200 no error","https://docs.createwithplay.com/en/articles/share-app-clip","","appears 14 times"
"200 no error","https://docs.createwithplay.com/en/articles/export-sdk","","appears 7 times"
"200 no error","https://docs.createwithplay.com/en/collections/swiftui-code-play-to-xcode","","appears 7 times"
