key,count
name,244
owner,232
project_id,232
status,45
email,28
project,25
id,25
file,25
size,25
avatar_color,20
first_name,20
last_name,20
role,20
user_id,20
type,8
projects_count,4
firestore,2
rules,2
indexes,2
headers,2
source,2
AbnhijSHIIDD09zNTfhL,2
OgQvAsNU9356xjQ9YepN,2
ThStf2sRggMgTz7yqOEE,2
kIlBU8wldRhEM1MTxMcg,2
thumbnails,2
avatars,2
fieldOverrides,1
hosting,1
public,1
ignore,1
rewrites,1
key,1
value,1
destination,1
auth,1
providers,1
anonymous,1
total_project_ids,1
total_named_projects,1
total_firebase_urls,1
url_categories,1
total_team_members,1
total_page_components,1
total_uuids,1
total_draft_projects,1
total_colors,1
placeholder_colors_count,1
product_versions,1
extra_team_ids_in_urls,1
teams,1
3d512202610280gBEJP,1
3d51230f322600iCyRZ,1
3d51231e18d88059VtM,1
3d51232d9821803uph6,1
3d512349032c80oe6sX,1
3d512351f3fe00KkA2m,1
3d51235cae9300ubt44,1
3d51235fa98380WHAXu,1
3d512ade55ef00Vhjuc,1
3d512b40aeef80rqwcU,1
3d512b98e5f180QPpiJ,1
3d512ba8fdd100VIx8c,1
3d512babf8c1806DgMf,1
3d512baef3b2004qPMp,1
3d512bb2873900c5rfB,1
3d512bb5822980FKadJ,1
3d512bb915b080anwJ1,1
3d512bbc10a100RZIpH,1
3d512bc03cbe80P6WNs,1
3d512bc337af00sPUrE,1
3d512bc6cb36001oN4I,1
3d512bc9c62680o6HeM,1
3d512bcd59ad803EsJG,1
3d512bd0549e00Bnfzf,1
3d512bd480bb80GUj4g,1
3d512bd77bac00iDSon,1
3d512bdb0f3300g6Zqo,1
3d512bde0a2380kapkJ,1
3d512be5c9c800h87sC,1
3d512be95d4f008d489,1
3d512bec583f806rDxw,1
3d512bfda14c00Y5t3b,1
3d512c009c3c80MF5Ex,1
3d528afc3a6580HJpw9,1
3d52ae0a4dad80VQSjl,1
3d566261fb68802cVF4,1
3d566333ca5880lJvIq,1
3d56662ebad880YcA51,1
3d5729047e1f00iXPI9,1
3d576690fb0280euvJL,1
3d58db93329d80yEcnG,1
3d599176f1380092eAH,1
3d59ad4cad7380VQNeC,1
3d59befc3f1180kfPWD,1
3d5f1b23479700wH6C8,1
3d5f2656435800t9fu4,1
3d617a9dc22200z0oot,1
3d62340ae5be00zxfc0,1
3d6263d0941500M5x5R,1
3d6265f4f0f1007FB2g,1
3d627003dca100YBKom,1
3d63186e491c00VnQdG,1
3d6329fa177400PkySS,1
3d63d3d27ce600OWXom,1
3d6497416f4300ABf45,1
3d64b5b9e4fc80VlYrB,1
3d663d2fc7a000w4y2l,1
3d67c64a795080XEoPv,1
3d67c97ea24080CX6ya,1
3d67e2cb464580QLA4G,1
3d688f4a915300AlAIK,1
3d69493b6edb80t1mZj,1
3d694c7fafab00oufyu,1
3d6a3d57ec4000vrfs3,1
3d6f018c5e7100tj2dq,1
3d750c19aa5280ST0Ek,1
3d787a49de5200iXFoY,1
3d7914fbca5c807Sm4q,1
3d79f5cea1ab0012hPN,1
3d7aa300bd1680VEJOX,1
3d7aa885f6fa00pqsxh,1
3d7da8965cec80AYwtZ,1
3d7dddb2c74c00iH7TR,1
3d7dddb2c74c00oSEbd,1
3d7df0b4e6d600AsO3g,1
3d7ff071f35100p2M26,1
3d83661b767180Ebm3T,1
3d880a05572e00WTAEn,1
3d880f3a19b400tsSs8,1
3d88b385859e00qU6Ts,1
3d88d1bf659d00azSAo,1
3d899bdcff3900WeHtq,1
3d89b4c6b1a700lMv28,1
3d89e5aa7a2e00x6Uvy,1
3d8dd76a48f000ZKQPS,1
3d8ddcdda13080ypNCR,1
3d8e2ddbb38d80Pqj9o,1
3d8e51577301800Hzg5,1
3d94a6ab5f9500ZxPzX,1
3d95571c5e8580YB68H,1
3d95574f087e00fIyrj,1
3d955f79f6d000UuMTv,1
3d9b9a19d4df0039FRK,1
3d9bb2cfac2780tAcIV,1
3d9bbf89a99080f4Koj,1
3d9e04104eaf80V8mI0,1
3d9ed2fb8d1d00jVzoz,1
3d9f213a49c400oLG06,1
3d9faad7047400OHVqP,1
3da047682928807eWUa,1
3da054ce687800eNxlS,1
3da07a54e38080MLzMd,1
3da07e35e6ed80g43Yx,1
3da10f1fd53d80dcfjZ,1
3da1494dd7738057NrI,1
3da201630fd900swM5F,1
3da3978cfb0400cgf39,1
3da44583c870805kIUN,1
3da5d0f74ab9008Ul9R,1
3da5d668d93600f7smR,1
3da5d6d1c0ae00ARdpP,1
3da5d789ee5680z0IPd,1
3da5d7f6695580MtapN,1
3da5d8421bff00hAlMf,1
3da8ff668d1980eNegN,1
3dab46587d0a00SF505,1
3dab5d4eb2d100CZito,1
3dab5fe9141400whWvw,1
3dab65318200800jFxb,1
3dab6c09e26680QgoGl,1
3dab6f8f1b4a80skn7s,1
3dab788d09b980zTRdT,1
3dabe7385157806FqIB,1
3dabeadbf03700J7LTy,1
3dac0affc37500NB6OW,1
3dac0ebaa14200LuQIc,1
3dae6778267200O2yHH,1
3dae9ac5700700c5bYX,1
3daf6b75ad4080O3DGb,1
3dafffda19df80jKaA8,1
3db001b9eb2000Y6RGM,1
3db0023a118580F2x1U,1
3db00297a5d200Oujmj,1
3db00314d14700O3nnr,1
3db0095533c380XKldF,1
3db009da1edd00fP8iM,1
3db00a2bc767802ZbsP,1
3db00c9679a280xZr30,1
3db00e4dc2e900h0vBp,1
3db4ba86553d80VhHBr,1
3db4dfe0b4c500a5Fcq,1
3db57d473bf080OM1br,1
3db5ac91889600fHHDH,1
3db5b3fe535e80e2zBY,1
3db71d0e3a8200Lbm63,1
3db7268194c180qm9rj,1
3db72fcbce7080cKJ15,1
3db737d8678ffeHr7gO,1
3db737ed7cbcacqhVQ2,1
3db738d2151a80NMgLe,1
3db738d7726500fQMkv,1
3dba1507f61f801OM3a,1
3dc08a209e3024hxNTj,1
3dc52249f98800wnXjf,1
3dc663d19ae000Z5iig,1
3dc6c07fd47300br9D9,1
3dc79b5084dabe3utg4,1
3dc79d77dee1784g2dd,1
3dc7aaf725e64aEQvRS,1
3dc7cfedbb9000C1P9i,1
3dc7d4e2731858w4vru,1
3dd74f7615c0cc8VdJR,1
3dd7efb39f69a2MLFQd,1
3ddb436f8aa900jeGf1,1
3ddb4388617560WQygp,1
3de0fc28308980kjql1,1
3de1cd9bee9700PB9Yl,1
3de2781b38a500YpI64,1
3de27b4ce7eb76ObFpZ,1
3de2b445366f6802qeQ,1
3de2be1156ab04Invf1,1
3de2c4c0f1f4fat9Ao1,1
3de312b68fd284ap7it,1
3de62b5c99c41egfMfV,1
3de7e0f47eef00vnvHY,1
3df0bb69ce8f9enQoJw,1
3df1211cd1f1caNLdom,1
3df2267c73e880pOW35,1
3df619d35c3200MB74v,1
3dfd10c07be880rfniS,1
3e011634096580Myi0d,1
3e01cc0c0866d8IBfEI,1
3e038d02e69a809yudR,1
3e075d93dabe80fPkqs,1
3e0e7c3260d100uiAdm,1
3e1237a104ac80PlnsG,1
3e164b532ee080ShDKc,1
3e16f901dd2a80HXxeE,1
3e17be9362a000SbL5Y,1
3e17df3d522480Dkm04,1
3e18a2dc8c2000XsIB2,1
3e18def3e8fe80PEYPP,1
3e1998eabc6800DVrxm,1
3e1a253de3e9c2aMZwY,1
3e1a324555d2808GIoy,1
3e1a32dd53bc00sCEC4,1
3e1c3ff56c504acnYNH,1
3e1f4a3a29ac82rAYvQ,1
3e223ebd947300NKLG9,1
3e23e1084df080wx7rw,1
3e241e3ad571269073l,1
3e245f9a94d9805DfUK,1
3e24629b7b3a80ftBmO,1
3e2516f98a3a880ZqZ2,1
3e251ce194d480SM2A2,1
3e2784c3311200vcUZG,1
3e29e0adc5486adqjBo,1
3e29edd7c413005YWyj,1
3e29f9ea4cc38aYrLyF,1
3e29fa9c7c11008Xxjw,1
3e2aabee30a400WYEGi,1
3e2ac99c971200OB5ZJ,1
3e2b0f92980200ebKZi,1
3e3335cf48d200eIAnu,1
3e37f83e35576e9YbXI,1
3e40a51d373700QCvS0,1
3e49b42e078e501iceY,1
3e4fd7a15f4900kANtY,1
3e60ea84c06224Glroa,1
3e60eaff0d0794BnOMy,1
3e65cc7c58f880j9p0g,1
3e6c8413d0e2005W2Xz,1
3e74445c3a8d808Pc1K,1
3e7f6ba5626a02UPpNV,1
3e81327c4f9980nZ0Rl,1
3e85ac1f2d6b00580xT,1
3ea10bda9572004kq5t,1
3ea1fe8dd7799e4eaf6,1
3ea2dda5d91480Hxtge,1
3ea2e646cbcd80Zs2l5,1
3ecc8ec4c4b482DJeUl,1
3ef093e971a91a9gE7H,1
0pAromp0r8Vn63JpHG6nm1DZWbs2,1
Cn65iFqrOtbMbuPFYrPRXZwxMQO2,1
DOJy489zSddBwPz7for15Hek8jn2,1
L5S50aMK3YcABB4oMv0V0ouduTm1,1
Lpfc9kjz5aZZ18KgkbAJ9rAuZjd2,1
UuuWxEgd4INtieqS3D8dcfwLdGP2,1
V7124OU9igTRe4cGTtbxCaLf6aT2,1
YImIF8H4t5RRoqnBMNoV9fCxTRi2,1
eF9HawlluaZoNqIAI3ETu3iNRLr2,1
mUXf2qq7TJPgMEFTu65918kqDMC2,1
90Txzlf96oftOAQmq7DtoqBU5KA3,1
9am9p6Qqv7N7HRIn8cKcwSuZWjU2,1
KqzzdARrVzWv1U2cbdmBWbBes833,1
M0XbIIIkNFP7sspZSCbWE1HvNbZ2,1
RghVRoFUxPagQsG2Q2fe9gMZuyZ2,1
Xhbg154cKvWyWCQ3ZOPrxOtWyya2,1
iYocYi0FYXNJWzd1SJ0WbTPr3k73,1
g71QTMOtYQhdNs6H75i1QvLf94y2,1
T8Hsc2LnEibhrSGnqYWUysQ9omP2,1
xevcv0cEDFepelWQkRJEU1F9gZ93,1
