path,size_bytes,extension,corpus,guessed_class
Play.bndb,853401600,.bndb,reverse,binary_artifact
.git/objects/pack/pack-4292651a5458f36f2460504d6af3bd0088967279.pack,382886464,.pack,unknown,other
.git/objects/pack/tmp_pack_0YSdpp,382861324,[none],unknown,other
.git/objects/pack/tmp_pack_5Ovm1B,382861324,[none],unknown,other
.git/objects/pack/tmp_pack_8GlWp0,382861324,[none],unknown,other
.git/objects/pack/tmp_pack_8tQin2,382861324,[none],unknown,other
.git/objects/pack/tmp_pack_9D34mz,382861324,[none],unknown,other
.git/objects/pack/tmp_pack_BlEiHS,382861324,[none],unknown,other
.git/objects/pack/tmp_pack_C8UTPN,382861324,[none],unknown,other
.git/objects/pack/tmp_pack_CuhAcV,382861324,[none],unknown,other
.git/objects/pack/tmp_pack_EyVN29,382861324,[none],unknown,other
.git/objects/pack/tmp_pack_HByxov,382861324,[none],unknown,other
.git/objects/pack/tmp_pack_iRoGc1,382861324,[none],unknown,other
.git/objects/pack/tmp_pack_s9hUmV,382861324,[none],unknown,other
.git/objects/pack/tmp_pack_xCEP2K,382861324,[none],unknown,other
.git/objects/pack/tmp_pack_yPULy6,382861324,[none],unknown,other
ios/RheaApp/build/DerivedData/SourcePackages/repositories/GRDB.swift-dd0599db/objects/pack/pack-e73cea08e8274a26087deff517e6016b3426a003.pack,236626027,.pack,app_bundles,other
packages/RheaKit/.build/index-build/repositories/GRDB.swift-dd0599db/objects/pack/pack-e73cea08e8274a26087deff517e6016b3426a003.pack,236626027,.pack,ui_assets,other
packages/RheaKit/.build/repositories/GRDB.swift-dd0599db/objects/pack/pack-e455b237506c3b5a92a8a39edbef870cf61bf638.pack,236584500,.pack,ui_assets,other
.rhea/radio/radio.stdout.log,176195759,.log,unknown,other
.git/objects/pack/tmp_pack_TFEA33,165281804,[none],unknown,other
packages/RheaKit/.build/index-build/arm64-apple-macosx/debug/index/db/v13/p6873--4959a2/data.mdb,134217728,.mdb,ui_assets,other
rhea-atlas/node_modules/@next/swc-darwin-arm64/next-swc.darwin-arm64.node,130286696,.node,ui_assets,other
friends/codex-cli/.git.nested-backup/objects/pack/pack-85f4e57c7af2ad504486a2adcf3278561d884e6b.pack,117471423,.pack,unknown,other
.git/objects/pack/pack-52092b925e50a3b4b1a449aeff53d49bc9e0a9aa.pack,106051176,.pack,unknown,other
rhea-atlas/.next/cache/webpack/server-production/0.pack,68235073,.pack,app_bundles,other
ios/RheaPreview.swiftpm/.build/index-build/arm64-apple-macosx/debug/index/db/v13/saved/data.mdb,67108864,.mdb,unknown,other
ios/rhea-plus-ui/.build/index-build/arm64-apple-macosx/debug/index/db/v13/saved/data.mdb,67108864,.mdb,unknown,other
.entire/metadata/94aabe90-9b2d-48e7-be8c-6bf820a0b6a9/full.jsonl,61492492,.jsonl,unknown,other
build/RheaApp-b30.xcarchive/dSYMs/RheaApp.app.dSYM/Contents/Resources/DWARF/RheaApp,58884220,[none],unknown,other
ios/RheaApp/build/RheaApp.xcarchive/dSYMs/RheaApp.app.dSYM/Contents/Resources/DWARF/RheaApp,58780988,[none],app_bundles,other
rhea-atlas/.next/cache/webpack/client-production/0.pack,56961428,.pack,app_bundles,other
ios/RheaApp/build/DerivedData/SourcePackages/repositories/swift-markdown-ui-fc3eaf1f/objects/pack/pack-8b06a952262ae98839f9f4cab4d31b0f4ec50404.pack,53181566,.pack,app_bundles,other
packages/RheaKit/.build/repositories/swift-markdown-ui-fc3eaf1f/objects/pack/pack-c1535d0fbd69a379a73fb151c5b81f85ef582f4b.pack,53181084,.pack,ui_assets,other
packages/RheaKit/.build/index-build/repositories/swift-markdown-ui-fc3eaf1f/objects/pack/pack-2e99ba5b0466d3dd27a9ec6471553dca94dda8f4.pack,53181046,.pack,ui_assets,other
vendor/libtailscale/libtailscale_ios_sim.a,52834560,.a,unknown,binary_artifact
ios/Frameworks/TailscaleKit.xcframework/ios-arm64_x86_64-simulator/TailscaleKit.framework/TailscaleKit,48160768,[none],unknown,other
vendor/libtailscale/swift/build/Build/Products/Release-iphonefat/TailscaleKit.xcframework/ios-arm64_x86_64-simulator/TailscaleKit.framework/TailscaleKit,48160768,[none],app_bundles,other
vendor/libtailscale/swift/build/Build/Products/Release-iphonesimulator/TailscaleKit.framework/TailscaleKit,48160768,[none],app_bundles,other
rhea-dash/target/debug/deps/rhea_dash-e757c40e8bf23431,42683432,[none],ui_assets,other
rhea-dash/target/debug/rhea-dash,42683432,[none],ui_assets,other
rhea-dash/target/debug/deps/libnaga-131a1a0d8ce55628.rlib,41363792,.rlib,ui_assets,other
.venv/lib/python3.11/site-packages/grpc/_cython/cygrpc.cpython-311-darwin.so,37603696,.so,unknown,binary_artifact
src/.venv/lib/python3.11/site-packages/grpc/_cython/cygrpc.cpython-311-darwin.so,37603696,.so,unknown,binary_artifact
rhea-dash/target/debug/deps/rhea_dash-b4c7f35a428b340c,35795448,[none],ui_assets,other
.entire/metadata/261278d3-25c3-4789-93e7-bfcc23c40cd5/full.jsonl,33751001,.jsonl,unknown,other
RheklGemini.webarchive,27208615,.webarchive,unknown,other
vendor/libtailscale/libtailscale_ios_sim_arm64.a,27083520,.a,unknown,binary_artifact
vendor/libtailscale/libtailscale_ios.a,27082960,.a,unknown,binary_artifact
rhea-cli/target/debug/deps/libreqwest-05d8f6d2f82eb2d6.rlib,27028928,.rlib,unknown,other
.git/objects/c3/9a2302f2120b41d55bd0186e908b2447f18373,27016427,[none],unknown,other
ios/RheaPreview.swiftpm/.build/repositories/Pow-f09b3ff5/objects/pack/pack-41662389971e0b1d347c91c221fa00cd3781381a.pack,27015081,.pack,unknown,other
.git/objects/21/457194a6b44b5ff1ac5f98885e3ed52179565b,26982847,[none],unknown,other
packages/RheaKit/.build/index-build/repositories/Pow-4ef6615c/objects/pack/pack-25f0f9663b22981f276e1f69a1346e59d29213a9.pack,26979815,.pack,ui_assets,other
ios/RheaApp/build/DerivedData/SourcePackages/repositories/Pow-4ef6615c/objects/pack/pack-557b09286b33bca0582509ef284585de9b169787.pack,26978882,.pack,app_bundles,other
ios/rhea-plus-ui/.build/index-build/repositories/Pow-4ef6615c/objects/pack/pack-557b09286b33bca0582509ef284585de9b169787.pack,26978882,.pack,unknown,other
packages/RheaKit/.build/repositories/Pow-4ef6615c/objects/pack/pack-557b09286b33bca0582509ef284585de9b169787.pack,26978882,.pack,ui_assets,other
rhea-dash/target/debug/deps/libegui-7117f8777133e68e.rlib,26666056,.rlib,ui_assets,other
frontier-gem/target/debug/deps/libmoxcms-3b49b5c825d702df.rlib,26387944,.rlib,unknown,other
rhea-dash/target/debug/deps/libmoxcms-3b49b5c825d702df.rlib,26387944,.rlib,ui_assets,other
.git/objects/3a/701ff3fe12cf2003ecdd6c1ee162471cda282a,26340908,[none],unknown,other
rhea-atlas/node_modules/@napi-rs/canvas-darwin-arm64/skia.darwin-arm64.node,26266032,.node,ui_assets,other
rhea-dash/target/debug/deps/libwgpu-cc3b01a66abafa1e.rlib,26160936,.rlib,ui_assets,other
vendor/libtailscale/libtailscale_ios_sim_x86_64.a,25750992,.a,unknown,binary_artifact
vendor/libtailscale/swift/build/Build/Intermediates.noindex/TailscaleKit.build/Release-iphonesimulator/TailscaleKit iOS Sim.build/Objects-normal/x86_64/Binary/TailscaleKit,24825856,[none],app_bundles,other
.git/objects/43/fd9407911552cde405d09e36edd49d9f1c8c12,24216472,[none],unknown,other
.git/objects/c6/1d2fac95ccb9e84c2ec5130fc2361802b80637,23845785,[none],unknown,other
.git/objects/7d/930a4954d72bed47c7765f34c1dd3c3be96a40,23725976,[none],unknown,other
.git/objects/29/718a1686f829ce7dc15d37899a4873776d1af5,23710807,[none],unknown,other
.git/objects/ff/36c4cb927c9c2fdb6a3b8651304cb9e00cbacb,23661261,[none],unknown,other
.git/objects/73/bc55080333f6588c1594b923e86e7e5d03ada3,23580071,[none],unknown,other
.git/objects/2e/69f89ef93ac1262e8bcd4837913957bc174282,23546172,[none],unknown,other
.git/objects/b9/46b43b43dc496932424f3382e3adb83653c0b9,23421252,[none],unknown,other
.git/objects/32/4c47ce98ed88693761a813f41541f54beba0e1,23417029,[none],unknown,other
.git/objects/51/6ddea2489d85f6ce836f2c59496df7921de625,23383842,[none],unknown,other
.git/objects/8c/b52f586fefb5e955c768119b9084ce20e3de67,23322949,[none],unknown,other
vendor/libtailscale/swift/build/Build/Intermediates.noindex/TailscaleKit.build/Release-iphonesimulator/TailscaleKit iOS Sim.build/Objects-normal/arm64/Binary/TailscaleKit,23322624,[none],app_bundles,other
rhea-cli/target/debug/deps/libtokio-b086b40c9313c7d4.rlib,23297320,.rlib,unknown,other
build/RheaApp-b30.xcarchive/Products/Applications/RheaApp.app/Frameworks/TailscaleKit.framework/TailscaleKit,23221104,[none],unknown,other
ios/RheaApp/build/RheaApp.xcarchive/Products/Applications/RheaApp.app/Frameworks/TailscaleKit.framework/TailscaleKit,23221104,[none],app_bundles,other
rhea-session-server/target/debug/deps/libtokio-6d41d8ada24fc863.rlib,23178024,.rlib,unknown,other
frontier-gem/target/debug/deps/libtokio-bcee932a77d6d672.rlib,23164344,.rlib,unknown,other
ios/Frameworks/TailscaleKit.xcframework/ios-arm64/TailscaleKit.framework/TailscaleKit,23157384,[none],unknown,other
ios/RheaApp/build/DerivedData/Build/Intermediates.noindex/ArchiveIntermediates/RheaApp/BuildProductsPath/Release-iphoneos/TailscaleKit.framework/TailscaleKit,23157384,[none],app_bundles,other
vendor/libtailscale/swift/build/Build/Products/Release-iphonefat/TailscaleKit.xcframework/ios-arm64/TailscaleKit.framework/TailscaleKit,23157384,[none],app_bundles,other
vendor/libtailscale/swift/build/Build/Products/Release-iphoneos/TailscaleKit.framework/TailscaleKit,23157384,[none],app_bundles,other
ios/rhea-plus-ui/.build/index-build/repositories/PopupView-8f557898/objects/pack/pack-505059f0de0fb8c4965228d2bcb21e80fca8a6aa.pack,23021281,.pack,unknown,other
.git/objects/ee/272969577343e347e4bb5d5fa12f1d4d85bad5,23009371,[none],unknown,other
.git/objects/23/4d01d12c304645877de5edfe3666660bfd3124,22784356,[none],unknown,other
.git/objects/9b/a5265864b836b21cca80c5094a8902c3e8c6b1,22688477,[none],unknown,other
.git/objects/5f/e914ea06788b1e3f5d03379a3c9335fee26070,22612958,[none],unknown,other
.git/objects/81/a566f16220e4dd5d0c94fb8ee23b2e49e58ecc,22611289,[none],unknown,other
.git/objects/09/0868b3e3824e7514d7b094a2e5dd279f57eabe,22609245,[none],unknown,other
.git/objects/50/5a665f3a1a590dd69550642e457e7bd44ebd80,22602835,[none],unknown,other
.git/objects/8b/ca3a1516ae482cd108c10cd2855716918fdaab,22326610,[none],unknown,other
.git/objects/8c/aecfc6e55bc14b4774acf82aa895017af07bfb,21739977,[none],unknown,other
.git/objects/31/9b57885d30bc4ea67a92ab6643113a79facf98,21700253,[none],unknown,other
ios/RheaApp/build/DerivedData/SourcePackages/checkouts/GRDB.swift/.git/modules/SQLiteCustom/src/objects/pack/pack-360b7c5e9f5a5a05546da38f8397a08e1f4ba194.pack,21625506,.pack,app_bundles,other
packages/RheaKit/.build/checkouts/GRDB.swift/.git/modules/SQLiteCustom/src/objects/pack/pack-360b7c5e9f5a5a05546da38f8397a08e1f4ba194.pack,21625506,.pack,ui_assets,other
packages/RheaKit/.build/index-build/checkouts/GRDB.swift/.git/modules/SQLiteCustom/src/objects/pack/pack-360b7c5e9f5a5a05546da38f8397a08e1f4ba194.pack,21625506,.pack,ui_assets,other
.git/objects/d4/49808edff332b3bb0d5a75aea793241dbf6c50,21578191,[none],unknown,other
frontier-gem/target/debug/deps/frontier_gem-72cb5dbc36b9c942,21263280,[none],unknown,other
frontier-gem/target/debug/frontier-gem,21263280,[none],unknown,other
.git/objects/74/ad27071c86b28470128575659e58f0f45d5c39,21107043,[none],unknown,other
rhea-cli/target/debug/deps/rhea_cli-3e73ee550d9dbb65,21074568,[none],unknown,other
rhea-cli/target/debug/rhea-cli,21074568,[none],unknown,other
.venv/lib/python3.11/site-packages/cryptography/hazmat/bindings/_rust.abi3.so,21013520,.so,unknown,binary_artifact
src/.venv/lib/python3.11/site-packages/cryptography/hazmat/bindings/_rust.abi3.so,21013520,.so,unknown,binary_artifact
.entire/metadata/2a84a5a3-0636-4047-aa95-342b1ebe7d83/full.jsonl,20583740,.jsonl,unknown,other
.git/objects/15/e90842040073f1c4f5e8caf3001735fb2c6932,20082132,[none],unknown,other
.git/objects/f1/23299227793592df6a83b2d5fc4dac900ae88d,20074899,[none],unknown,other
frontier-gem/target/debug/deps/libimage-0c702df7e3aa3920.rlib,19693648,.rlib,unknown,other
rhea-dash/target/debug/deps/librustls-94d3264115f4c2fa.rlib,19569608,.rlib,ui_assets,other
.git/objects/cb/bc2bd327300585028b73488856de0c94e9104b,19224202,[none],unknown,other
.git/objects/6e/4e1353d02d6904bded02f8281bfa50f2339f1d,19051032,[none],unknown,other
.git/objects/d9/c1ae40a299ad3698a0ad174e981eb9cc99d3ac,19044512,[none],unknown,other
"frontier-gem/3 помоги мне доказать, что sqlite устарела и _это самая устойчивая идея_ это манипуляция, а не аргумент - Google Search.mhtml",18882379,.mhtml,unknown,other
.git/objects/e9/c0820380ab193317be07a1bb857a7fdcca458d,18789153,[none],unknown,other
ios/RheaApp/build/DerivedData/SourcePackages/repositories/swift-collections-9a58d5cf/objects/pack/pack-e6ab64e42e3d9d6189386fb9bc218573403579c8.pack,18756797,.pack,app_bundles,other
rhea-dash/target/debug/deps/libwgpu_core-df345f178a54afa5.rlib,18750880,.rlib,ui_assets,other
packages/RheaKit/.build/index-build/repositories/swift-collections-9a58d5cf/objects/pack/pack-fbfd6cab5370aef59b5674eaf05bad02fa41f042.pack,18717460,.pack,ui_assets,other
packages/RheaKit/.build/repositories/swift-collections-9a58d5cf/objects/pack/pack-4e41046a0112a41899a2374b10718496763e7771.pack,18655873,.pack,ui_assets,other
rhea-dash/target/debug/deps/libobjc2_foundation-49e228cdfa08d4fb.rlib,18168808,.rlib,ui_assets,other
frontier-gem/target/debug/deps/libreqwest-818312bbfb0eb614.rlib,17902064,.rlib,unknown,other
.git/objects/61/47cbb9469fb9c7dc3f6857cd59d8b7de195c06,17501809,[none],unknown,other
rhea-dash/target/debug/deps/libobjc2_app_kit-e302e7b755656054.rlib,17429616,.rlib,ui_assets,other
rhea-dash/target/debug/deps/libimage-66e60d64b9dc58dc.rlib,17191440,.rlib,ui_assets,other
build/export-testflight/RheaApp.ipa,17045301,.ipa,unknown,binary_artifact
ios/RheaApp/build/DerivedData/SourcePackages/checkouts/GRDB.swift/SQLiteCustom/src/sqlite/test/fuzzdata2.db,17021952,.db,app_bundles,database
packages/RheaKit/.build/checkouts/GRDB.swift/SQLiteCustom/src/sqlite/test/fuzzdata2.db,17021952,.db,ui_assets,database
packages/RheaKit/.build/index-build/checkouts/GRDB.swift/SQLiteCustom/src/sqlite/test/fuzzdata2.db,17021952,.db,ui_assets,database
ios/RheaApp/build/DerivedData/SourcePackages/checkouts/GRDB.swift/SQLiteCustom/src/sqlite/test/fuzzdata7.db,16819200,.db,app_bundles,database
packages/RheaKit/.build/checkouts/GRDB.swift/SQLiteCustom/src/sqlite/test/fuzzdata7.db,16819200,.db,ui_assets,database
packages/RheaKit/.build/index-build/checkouts/GRDB.swift/SQLiteCustom/src/sqlite/test/fuzzdata7.db,16819200,.db,ui_assets,database
.git/objects/b8/1230a3a12bbd2d718b015080ee63b4c20f084e,16277148,[none],unknown,other
.git/objects/47/f592f31c1dacec57d5e7759baa8fb7fe3eb36f,16253471,[none],unknown,other
rhea-atlas/node_modules/@img/sharp-libvips-darwin-arm64/lib/libvips-cpp.8.17.3.dylib,16076984,.dylib,ui_assets,binary_artifact
.git/objects/5f/42211e09c8a4b81e42601a45f52c65e60522bf,15758308,[none],unknown,other
.git/objects/43/25e42bd59ec1dd4319504dea6f778958a05799,15656294,[none],unknown,other
.git/objects/87/f8d9ee322045cc37f571075cd542798c3c1513,15620179,[none],unknown,other
.git/objects/28/ffe03cae76be4da108e3d46175d0111d3acdd6,15611064,[none],unknown,other
.git/objects/4d/935ba1c3868743ad7c2eaa9be1761732f98e92,15602699,[none],unknown,other
rhea-session-server/target/debug/deps/libsqlx_sqlite-b7d31aa092c8e1f5.rlib,15595768,.rlib,unknown,other
rhea-cli/target/debug/deps/libsqlx_sqlite-73cca52d9464d267.rlib,15562128,.rlib,unknown,other
rhea-dash/target/debug/deps/libobjc2_foundation-05cd3edf817659f1.rlib,15276208,.rlib,ui_assets,other
rhea-cli/target/release/deps/libzerocopy-907cac4afe972e3e.rlib,15093368,.rlib,unknown,other
rhea-session-server/target/release/deps/libzerocopy-907cac4afe972e3e.rlib,15093368,.rlib,unknown,other
rhea-cli/target/release/deps/libzerocopy-907cac4afe972e3e.rmeta,15092411,.rmeta,unknown,other
rhea-session-server/target/release/deps/libzerocopy-907cac4afe972e3e.rmeta,15092411,.rmeta,unknown,other
docs/system-docs/node_modules/.cache/webpack/client-production-en/0.pack,15008039,.pack,unknown,other
.git/objects/e4/662df7edcc66f3800ee6e3393007475dde8053,14967214,[none],unknown,other
opera/metrics/flow_up_trace.jsonl,14663427,.jsonl,unknown,other
frontier-gem/target/debug/deps/libzerocopy-2e3b36c8d80cb3a1.rlib,14647032,.rlib,unknown,other
.git/objects/b2/a3a77b4d40341dd161f02b7fd051f406030524,14639126,[none],unknown,other
rhea-cli/target/debug/deps/libzerocopy-9be9e6399c222bce.rlib,14383752,.rlib,unknown,other
rhea-dash/target/debug/deps/libzerocopy-9be9e6399c222bce.rlib,14383752,.rlib,ui_assets,other
rhea-session-server/target/debug/deps/libzerocopy-9be9e6399c222bce.rlib,14383752,.rlib,unknown,other
.entire/metadata/29460dc4-bc34-4b0d-933f-4c6e7a63cca8/full.jsonl,14380060,.jsonl,unknown,other
.git/objects/6d/0badac031e241fa06ad2277b37f0d6b8d5fbb1,14347636,[none],unknown,other
frontier-gem/target/debug/deps/libzerocopy-2e3b36c8d80cb3a1.rmeta,14231230,.rmeta,unknown,other
rhea-cli/target/release/deps/libzerocopy-4f3d7db8ec43c221.rlib,14216664,.rlib,unknown,other
rhea-session-server/target/release/deps/libzerocopy-4f3d7db8ec43c221.rlib,14216664,.rlib,unknown,other
packages/RheaKit/.build/index-build/arm64-apple-macosx/debug/ModuleCache/Swift-1IONWQPHU3SPR.swiftmodule,14151984,.swiftmodule,ui_assets,other
rhea-cli/target/debug/deps/libzerocopy-9be9e6399c222bce.rmeta,13967952,.rmeta,unknown,other
rhea-dash/target/debug/deps/libzerocopy-9be9e6399c222bce.rmeta,13967952,.rmeta,ui_assets,other
rhea-session-server/target/debug/deps/libzerocopy-9be9e6399c222bce.rmeta,13967952,.rmeta,unknown,other
.git/objects/1a/b0e665aec64e5bf31f3135cc318ae60aaa95d7,13967251,[none],unknown,other
rhea-cli/target/release/deps/libzerocopy-4f3d7db8ec43c221.rmeta,13964573,.rmeta,unknown,other
rhea-session-server/target/release/deps/libzerocopy-4f3d7db8ec43c221.rmeta,13964573,.rmeta,unknown,other
.git/objects/53/5e14dc7aef19663afa3bcfc1088ff736881d1c,13938163,[none],unknown,other
.venv/lib/python3.11/site-packages/qiskit/_accelerate.abi3.so,13874176,.so,unknown,binary_artifact
.git/objects/46/8dd51d803f1d5180a3404952fc356245ddad3e,13439679,[none],unknown,other
.git/objects/06/0b23f9f9be73068d9a7914bfa3a622c896fb99,13391507,[none],unknown,other
frontier-gem/target/debug/incremental/frontier_gem-2g2lvwsnhqtbo/s-hgelwsugx1-0misuk6-d3unbbcvyjdxyjadejll08iu7/dep-graph.bin,13379755,.bin,unknown,binary_artifact
.git/objects/61/1799c5914cc1974b12bdcd2caac235b3ddec98,13340997,[none],unknown,other
.git/objects/7f/831de4e4a5aadccaf1f07265b9a9bb14598819,13261567,[none],unknown,other
.git/objects/f5/d86bd84ff9d4652cbf9d183e5fb882112b4ca5,13184339,[none],unknown,other
.git/objects/a3/fcea109124c35fbabc85eba7856111ac699907,13166848,[none],unknown,other
.git/objects/c1/98c3e8ef49edc554d0a1c99ae37984f11b3da0,13158554,[none],unknown,other
.git/objects/be/ab0b74e9c16ff3cb4b0974945aa6cfe69232b8,13141810,[none],unknown,other
.git/objects/51/42206f438b169194761e76249f5d53921d73dc,13130123,[none],unknown,other
frontier-gem/target/debug/incremental/frontier_gem-2g2lvwsnhqtbo/s-hgeln3jdxr-1rknjrr-ahunnxyo7z4o6h7y2skr7atek/dep-graph.bin,13125354,.bin,unknown,binary_artifact
.git/objects/43/7e2643225065fbdf01c1227553568d113306f7,13111088,[none],unknown,other
.git/objects/9c/d3f644b8f2ea4a6b4c122a0c8d196b59cf9196,13100596,[none],unknown,other
.git/objects/1b/a0c536ba4614368df4858ef418cdb04a1a3076,13082752,[none],unknown,other
.git/objects/e4/8c6546efdab3c3abee9f4d9eb7fc2a52dd8c94,13079845,[none],unknown,other
.git/objects/29/13aadad5adaf2423bd616708add77c72c5a3f6,13058974,[none],unknown,other
.git/objects/71/2f51d819dd473297584597148ff7e754fc487d,13005619,[none],unknown,other
.git/objects/9f/f025ff9e374bb8745d12a18cb894ca9475554f,12988692,[none],unknown,other
.git/objects/92/273b654cf331b1e0b246117728dd2700ec348c,12957602,[none],unknown,other
.git/objects/84/f09e7e70e20e18957a4b0aef876957f4d5ac89,12893995,[none],unknown,other
.git/objects/e8/bff271bf29c7fc4a65c59a5f8ae1eafec79cbe,12879912,[none],unknown,other
.git/objects/64/26d2c47b8c92107e446d3cea39ed2d861c0ae5,12850112,[none],unknown,other
.git/objects/e0/3584c2deed61d84c07a608693f6e834c97acb0,12760400,[none],unknown,other
frontier-gem/target/debug/deps/libzerocopy-a272420e4f72a622.rmeta,12751735,.rmeta,unknown,other
rhea-dash/target/debug/deps/libmetal-949b0734d66e4f8b.rlib,12733800,.rlib,ui_assets,other
.git/objects/73/1cd7cf9ba86dba1849dfc13b9c6db21539ef3d,12721487,[none],unknown,other
.git/objects/40/7e0829a418df5a6b05dfe12598be8a0dfb0736,12707093,[none],unknown,other
.git/objects/be/727bcef29034524c07a2be665f5f7308255500,12571049,[none],unknown,other
.git/objects/da/b472f12f11ebd63585ed20e243824b1f626ede,12548054,[none],unknown,other
.git/objects/e1/9cbc497494f5f88b437a8ed00dac26cfe82c6a,12511479,[none],unknown,other
.git/objects/d6/c2a086af9a6c76cb0ea2c5ffdfbc5aa77ed45e,12454506,[none],unknown,other
frontier-gem/target/debug/deps/libregex_automata-1bdf464fbfb70a7d.rlib,12047008,.rlib,unknown,other
ios/RheaApp/build/DerivedData/SourcePackages/checkouts/GRDB.swift/SQLiteCustom/src/sqlite/test/fuzzdata3.db,11848704,.db,app_bundles,database
packages/RheaKit/.build/checkouts/GRDB.swift/SQLiteCustom/src/sqlite/test/fuzzdata3.db,11848704,.db,ui_assets,database
packages/RheaKit/.build/index-build/checkouts/GRDB.swift/SQLiteCustom/src/sqlite/test/fuzzdata3.db,11848704,.db,ui_assets,database
"2 помоги мне доказать, что sqlite устарела и _это самая устойчивая идея_ это манипуляция, а не аргумент - Google Search.mhtml",11825262,.mhtml,unknown,other
f(prompt) Token Mapping.pdf,11785911,.pdf,unknown,other
.git/cursor/crepe/597c71d2f7adac3128b96afc3314917db2f12c82/index.bin,11472608,.bin,unknown,binary_artifact
docs/system-docs/node_modules/.cache/webpack/client-production-en/1.pack,11342420,.pack,unknown,other
ios/rhea-plus-ui/.build/index-build/repositories/AlertKit-4c90932f/objects/pack/pack-22aed07e3ab949295e885ebdbd73d164f8c8992d.pack,11318483,.pack,unknown,other
.git/objects/fa/2cdfee57ef6628f393a62a1f03d0be0d0c3af7,11274999,[none],unknown,other
rhea-atlas/.next/cache/webpack/client-development/1.pack.gz,11121363,.gz,app_bundles,archive
.entire/metadata/15ffa5d1-c7f7-44fe-a777-0648f3b4c3ed/full.jsonl,10922165,.jsonl,unknown,other
packages/RheaKit/.build/index-build/arm64-apple-macosx/debug/ModuleCache/3R5YVR6BP80WT/AppKit-2VI8NB39I5AT6.pcm,10885908,.pcm,ui_assets,other
packages/RheaKit/.build/index-build/arm64-apple-macosx/debug/ModuleCache/13MXK8LEWXLFA/AppKit-2VI8NB39I5AT6.pcm,10885640,.pcm,ui_assets,other
packages/RheaKit/.build/index-build/arm64-apple-macosx/debug/ModuleCache/3LTWWW40BYTD7/AppKit-2VI8NB39I5AT6.pcm,10885428,.pcm,ui_assets,other
packages/RheaKit/.build/index-build/arm64-apple-macosx/debug/ModuleCache/2MHV37PHSK53Z/AppKit-2VI8NB39I5AT6.pcm,10885404,.pcm,ui_assets,other
packages/RheaKit/.build/index-build/arm64-apple-macosx/debug/ModuleCache/B39TT8BUGESD/AppKit-2VI8NB39I5AT6.pcm,10885404,.pcm,ui_assets,other
packages/RheaKit/.build/index-build/arm64-apple-macosx/debug/ModuleCache/2MOS8PTFCXL7A/AppKit-2VI8NB39I5AT6.pcm,10885148,.pcm,ui_assets,other
rhea-cli/target/debug/deps/libtokio-c2bfb249ce4fc4b0.rlib,10827552,.rlib,unknown,other
rhea-session-server/target/debug/deps/libtokio-1400c546f7124126.rlib,10825064,.rlib,unknown,other
rhea-cli/target/debug/incremental/rhea_cli-1dm2a7kzmtd8t/s-hgekvbxrg5-1ouac7p-bcoqwvepfok2w3zdly3mbjrua/dep-graph.bin,10824400,.bin,unknown,binary_artifact
rhea-cli/target/release/deps/libtokio-954b629808d2294b.rlib,10805280,.rlib,unknown,other
rhea-tui/target/release/deps/libtokio-750963864b8957ae.rlib,10803712,.rlib,unknown,other
rhea-session-server/target/release/deps/libtokio-8d2b3485ddeb7b24.rlib,10781984,.rlib,unknown,other
rhea-ai-auth/target/release/deps/libtokio-7c98e4be88218811.rlib,10780912,.rlib,unknown,other
rhea-angel-game/target/release/deps/libtokio-7c98e4be88218811.rlib,10780912,.rlib,unknown,other
rhea-biorenderer/target/release/deps/libtokio-7c98e4be88218811.rlib,10780912,.rlib,unknown,other
rhea-rag/target/release/deps/libtokio-7c98e4be88218811.rlib,10780912,.rlib,unknown,other
frontier-gem/target/debug/deps/libregex_syntax-9c0b22791894d3f3.rlib,10757304,.rlib,unknown,other
frontier-gem/target/debug/deps/libobjc2_foundation-fe6567067debf57c.rlib,10747392,.rlib,unknown,other
fulltree.md,10697821,.md,unknown,document
rhea-tui/target/release/deps/libappcui-a750efd2c72d3445.rlib,10652176,.rlib,unknown,other
rhea-cli/target/release/deps/libtokio-4b1496d7875002dd.rlib,10631416,.rlib,unknown,other
rhea-session-server/target/release/deps/libtokio-4b1496d7875002dd.rlib,10631416,.rlib,unknown,other
packages/RheaKit/.build/index-build/arm64-apple-macosx/debug/ModuleCache/276PRSSVJJI72/AppKit-2VI8NB39I5AT6.pcm,10539032,.pcm,ui_assets,other
packages/RheaKit/.build/index-build/arm64-apple-macosx/debug/ModuleCache/3TAJ5AL5E78IP/AppKit-2VI8NB39I5AT6.pcm,10538768,.pcm,ui_assets,other
packages/RheaKit/.build/index-build/arm64-apple-macosx/debug/ModuleCache/VWYCT01293OX/AppKit-2VI8NB39I5AT6.pcm,10538736,.pcm,ui_assets,other
packages/RheaKit/.build/arm64-apple-macosx/debug/ModuleCache/276PRSSVJJI72/AppKit-2VI8NB39I5AT6.pcm,10538560,.pcm,ui_assets,other
packages/RheaKit/.build/arm64-apple-macosx/debug/ModuleCache/3TAJ5AL5E78IP/AppKit-2VI8NB39I5AT6.pcm,10538560,.pcm,ui_assets,other
ios/RheaPreview.swiftpm/.build/arm64-apple-macosx/debug/ModuleCache/7K9VL3N5EWXO/AppKit-2VI8NB39I5AT6.pcm,10538448,.pcm,unknown,other
ios/RheaPreview.swiftpm/.build/arm64-apple-macosx/debug/ModuleCache/VH9U2OHBKS4T/AppKit-2VI8NB39I5AT6.pcm,10538448,.pcm,unknown,other
packages/RheaKit/.build/arm64-apple-macosx/debug/ModuleCache/VWYCT01293OX/AppKit-2VI8NB39I5AT6.pcm,10538296,.pcm,ui_assets,other
rhea-dash/target/debug/deps/libepaint-bcad5faa43c5d18d.rlib,10513056,.rlib,ui_assets,other
vendor/libtailscale/swift/build/ModuleCache.noindex/UIKit-DGM8HV3IG0OZYS4TZXAQX3A0V.pcm,10407112,.pcm,app_bundles,other
vendor/libtailscale/swift/build/ModuleCache.noindex/UIKit-3JZW2TZ29XX8Y284WVDWCPSS1.pcm,10390008,.pcm,app_bundles,other
ios/RheaApp/build/DerivedData/ModuleCache.noindex/UIKit-F2WTNUKN1IXCHONQ1HVU5YWI3.pcm,10389648,.pcm,app_bundles,other
vendor/libtailscale/swift/build/ModuleCache.noindex/UIKit-5IRON1MIQA8VMPAYBFWBG7EQD.pcm,10389648,.pcm,app_bundles,other
ios/RheaApp/build/DerivedData/ModuleCache.noindex/UIKit-E65L053YGC14VG0GCCVIBEZAR.pcm,10389640,.pcm,app_bundles,other
